token,frequency,possible_split,part1_frequency,part2_frequency,book,chapter,verse,context
parado,2,para do,8233,10449,Números,22,5,"Este enviou mensageiros a Balaão, filho de Beor, a Petor, que está junto ao rio, na terra dos filhos do seu povo, a chamá-lo, dizendo: Eis que um povo saiu do Egito; eis que cobre a face da terra e parado está defronte de mim."
parados,1,para dos,8233,5149,1 Reis,13,28,"Então, foi e achou o seu cadáver lançado no caminho, e o jumento, e o leão, que estavam parados junto ao cadáver; o leão não tinha devorado o corpo, nem tinha despedaçado o jumento."
terrado,1,terra do,2968,10449,2 Samuel,16,22,"Estenderam, pois, para Absalão uma tenda no terrado, e entrou Absalão às concubinas de seu pai perante os olhos de todo o Israel."
pararei,1,para rei,8233,2503,Juízes,20,28,"e Fineias, filho de Eleazar, filho de Arão, estava perante ele naqueles dias), dizendo: Sairei ainda mais a pelejar contra os filhos de Benjamim, meu irmão, ou pararei? E disse o Senhor: Subi, que amanhã eu to entregarei na mão."
filhote,2,filho te,2349,2164,Isaías,31,4,"Porque assim me disse o Senhor: Como o leão e o filhote do leão rugem sobre a sua presa, ainda que se convoque contra eles uma multidão de pastores, e não se espantam das suas vozes, nem se abatem pela sua multidão, assim o Senhor dos Exércitos descerá para pelejar pelo monte Sião e pelo seu outeiro."
casados,1,casa dos,2051,5149,1 Coríntios,7,10,"Todavia, aos casados, mando, não eu, mas o Senhor, que a mulher se não aparte do marido."
Teudas,1,teu das,2031,1631,Atos,5,36,"Porque, antes destes dias, levantou-se Teudas, dizendo ser alguém; a este se ajuntou o número de uns quatrocentos homens; o qual foi morto, e todos os que lhe deram ouvidos foram dispersos e reduzidos a nada."
contradizendo,1,contra dizendo,1670,1351,Tito,2,9,"Exorta os servos a que se sujeitem a seu senhor e em tudo agradem, não contradizendo,"
povoou,1,povo ou,1833,980,Gênesis,9,19,Estes três foram os filhos de Noé; e destes se povoou toda a terra.
nomeou,2,nome ou,971,980,Esdras,5,14,"E até os utensílios de ouro e de prata, da Casa de Deus, que Nabucodonosor tomou do templo que estava em Jerusalém e os meteu no templo de Babilônia, o rei Ciro os tirou do templo de Babilônia, e foram dados a um homem cujo nome era Sesbazar, a quem nomeou governador."
contrafez,1,contra fez,1670,907,1 Samuel,21,13,"Pelo que se contrafez diante dos olhos deles, e fez-se como doido entre as suas mãos, e esgravatava nas portas do portal, e deixava correr saliva pela barba."
detinha,2,de tinha,24404,866,Números,9,19,"E, quando a nuvem se detinha muitos dias sobre o tabernáculo, então, os filhos de Israel tinham cuidado da guarda do Senhor e não partiam."
pelado,1,pela do,851,10449,Levítico,13,55,"E o sacerdote, examinando a praga, depois que for lavada, e eis que, se a praga não mudou a sua aparência, nem a praga se estendeu, imundo está; com fogo o queimarás; praga penetrante é, seja pelado em todo ou em parte."
temeste,1,tem este,638,1074,2 Samuel,1,14,E Davi lhe disse: Como não temeste tu estender a mão para matares o ungido do Senhor?
causado,2,causa do,586,10449,Ezequiel,32,23,"Os seus sepulcros foram postos no mais interior da cova, e o seu ajuntamento está em redor do seu sepulcro; todos foram traspassados, e caíram à espada os que tinham causado espanto na terra dos viventes."
temperante,1,tem perante,638,556,Tito,1,8,"mas dado à hospitalidade, amigo do bem, moderado, justo, santo, temperante,"
maldisse,1,mal disse,524,2807,1 Reis,2,8,"E eis que também contigo está Simei, filho de Gera, filho de Benjamim, de Baurim, que me maldisse com maldição atroz, no dia em que ia a Maanaim; porém ele saiu a encontrar-se comigo junto ao Jordão, e eu, pelo Senhor, lhe jurei, dizendo que o não mataria à espada."
maldizendo,1,mal dizendo,524,1351,Provérbios,20,19,"O que anda maldizendo descobre o segredo; pelo que, com o que afaga com seus lábios, não te entremetas."
portadas,1,porta das,434,1631,2 Crônicas,4,9,"Fez mais o pátio dos sacerdotes e o pátio grande, como também as portadas para o pátio, e as suas portas cobriu de cobre."
espadana,1,espada na,426,3095,Jó,8,11,"Porventura, sobe o junco sem lodo? Ou cresce a espadana sem água?"
aliarão,1,ali arão,688,354,Daniel,11,6,"Mas, ao cabo de anos, eles se aliarão; e a filha do rei do Sul virá ao rei do Norte para fazer um tratado; mas não conservará a força de seu braço; nem ele persistirá, nem o seu braço, porque ela será entregue, e os que a tiverem trazido, e seu pai, e o que a fortalecia naqueles tempos."
nomearão,1,nome arão,971,354,Jeremias,23,6,"Nos seus dias, Judá será salvo, e Israel habitará seguro; e este será o nome com que o nomearão: O Senhor, Justiça Nossa."
irarei,1,ira rei,338,2503,Isaías,54,9,"Porque isso será para mim como as águas de Noé; pois jurei que as águas de Noé não inundariam mais a terra; assim jurei que não me irarei mais contra ti, nem te repreenderei."
parareis,1,para reis,8233,333,Josué,3,8,"Tu, pois, ordenarás aos sacerdotes que levam a arca do concerto, dizendo: Quando vierdes até à borda das águas do Jordão, parareis no Jordão."
tireis,2,ti reis,1332,333,Josué,7,13,"Levanta-te, santifica o povo e dize: Santificai-vos para amanhã, porque assim diz o Senhor, o Deus de Israel: Anátema há no meio de vós, Israel; diante dos vossos inimigos não podereis suster-vos, até que tireis o anátema do meio de vós."
compôs,1,com pôs,5170,270,Eclesiastes,12,9,"E, quanto mais sábio foi o Pregador, tanto mais sabedoria ao povo ensinou; e atentou, e esquadrinhou, e compôs muitos provérbios."
detinham,2,de tinham,24404,261,Lucas,4,42,"E, sendo já dia, saiu e foi para um lugar deserto; e a multidão o procurava e chegou junto dele; e o detinham, para que não se ausentasse deles."
orareis,2,ora reis,256,333,Jeremias,29,12,"Então, me invocareis, e ireis, e orareis a mim, e eu vos ouvirei."
forçadas,1,força das,245,1631,Zacarias,14,2,"Porque eu ajuntarei todas as nações para a peleja contra Jerusalém; e a cidade será tomada, e as casas serão saqueadas, e as mulheres, forçadas; e metade da cidade sairá para o cativeiro, mas o resto do povo não será expulso da cidade."
forçado,1,força do,245,10449,2 Samuel,13,22,"Porém Absalão não falou com Amnom, nem mal nem bem; porque Absalão aborrecia a Amnom, por ter forçado a Tamar, sua irmã."
metendo,2,me tendo,2111,242,Deuteronômio,20,19,"Quando sitiares uma cidade por muitos dias, pelejando contra ela para a tomar, não destruirás o seu arvoredo, metendo nele o machado, porque dele comerás; pelo que o não cortarás (pois o arvoredo do campo é o mantimento do homem), para que sirva de tranqueira diante de ti."
comarca,2,com arca,5170,241,Lucas,2,8,"Ora, havia, naquela mesma comarca, pastores que estavam no campo e guardavam durante as vigílias da noite o seu rebanho."
devendo,2,de vendo,24404,240,Hebreus,5,12,"Porque, devendo já ser mestres pelo tempo, ainda necessitais de que se vos torne a ensinar quais sejam os primeiros rudimentos das palavras de Deus; e vos haveis feito tais que necessitais de leite e não de sólido mantimento."
nenhumas,1,nenhum as,235,5792,2 Coríntios,1,13,"Porque nenhumas outras coisas vos escrevemos, senão as que já sabeis ou também reconheceis; e espero que também até ao fim as reconhecereis,"
medito,2,me dito,2111,228,Salmos,119,99,"Tenho mais entendimento do que todos os meus mestres, porque medito nos teus testemunhos."
formar,1,for mar,226,393,1 Coríntios,3,12,"E, se alguém sobre este fundamento formar um edifício de ouro, prata, pedras preciosas, madeira, feno, palha,"
formas,2,for mas,226,2938,Ezequiel,43,11,"E, envergonhando-se eles de tudo quanto fizeram, faze-lhes saber a forma desta casa, e a sua figura, e as suas saídas, e as suas entradas, e todas as suas formas, e todos os seus estatutos, e todas as suas formas, e todas as suas leis; e escreve isto aos seus olhos, para que guardem toda a sua forma e todos os seus estatutos e os cumpram."
portal,1,por tal,4118,222,1 Samuel,21,13,"Pelo que se contrafez diante dos olhos deles, e fez-se como doido entre as suas mãos, e esgravatava nas portas do portal, e deixava correr saliva pela barba."
guardada,2,guarda da,220,7168,2 Timóteo,4,8,"Desde agora, a coroa da justiça me está guardada, a qual o Senhor, justo juiz, me dará naquele Dia; e não somente a mim, mas também a todos os que amarem a sua vinda."
guardadas,1,guarda das,220,1631,Jeremias,35,14,"As palavras de Jonadabe, filho de Recabe, que ordenou a seus filhos que não bebessem vinho, foram guardadas, pois não beberam até este dia; antes, ouviram o mandamento de seu pai; a mim, porém, que vos tenho falado a vós, madrugando e falando, vós não me ouvistes."
comuns,1,com uns,5170,203,Atos,4,32,"E era um o coração e a alma da multidão dos que criam, e ninguém dizia que coisa alguma do que possuía era sua própria, mas todas as coisas lhes eram comuns."
estáter,1,está ter,1348,190,Mateus,17,27,"Mas, para que os não escandalizemos, vai ao mar, lança o anzol, tira o primeiro peixe que subir e, abrindo-lhe a boca, encontrarás um estáter; toma-o e dá-o por mim e por ti."
solvendo,1,sol vendo,185,240,Daniel,5,12,"Porquanto se achou neste Daniel um espírito excelente, e ciência, e entendimento, interpretando sonhos, e explicando enigmas, e solvendo dúvidas, ao qual o rei pôs o nome de Beltessazar; chame-se, pois, agora Daniel, e ele dará interpretação."
povoai,1,povo ai,1833,165,Gênesis,9,7,"Mas vós, frutificai e multiplicai-vos; povoai abundantemente a terra e multiplicai-vos nela."
Darcom,2,dar com,163,5170,Esdras,2,56,"os filhos de Jaala, os filhos de Darcom, os filhos de Gidel,"
dardos,2,dar dos,163,5149,2 Samuel,18,14,"Então, disse Joabe: Não me demorarei assim contigo aqui. E tomou três dardos e traspassou com eles o coração de Absalão, estando ele ainda vivo no meio do carvalho."
falada,1,fala da,163,7168,Hebreus,2,2,"Porque, se a palavra falada pelos anjos permaneceu firme, e toda transgressão e desobediência recebeu a justa retribuição,"
demandou,1,de mandou,24404,159,2 Reis,23,35,"E Jeoaquim deu aquela prata e aquele ouro a Faraó; porém fintou a terra, para dar esse dinheiro conforme o mandado de Faraó; a cada um, segundo a sua avaliação, demandou a prata e o ouro do povo da terra, para o dar a Faraó-Neco."
porvir,1,por vir,4118,159,Romanos,8,38,"Porque estou certo de que nem a morte, nem a vida, nem os anjos, nem os principados, nem as potestades, nem o presente, nem o porvir,"
sobrevir,1,sobre vir,2943,159,Marcos,10,32,"E iam no caminho, subindo para Jerusalém; e Jesus ia adiante deles. E eles maravilhavam-se e seguiam-no atemorizados. E, tornando a tomar consigo os doze, começou a dizer-lhes as coisas que lhe deviam sobrevir,"
Outrossim,2,outros sim,367,156,Mateus,5,33,"Outrossim, ouvistes que foi dito aos antigos: Não perjurarás, mas cumprirás teus juramentos ao Senhor."
solver,1,sol ver,185,145,Daniel,5,16,"Eu, porém, tenho ouvido dizer de ti que podes dar interpretações e solver dúvidas; agora, se puderes ler esta escritura e fazer-me saber a sua interpretação, serás vestido de púrpura, e terás cadeia de ouro ao pescoço, e no reino serás o terceiro dominador."
vertem,1,ver tem,145,638,Zacarias,4,12,"E, falando-lhe outra vez, disse: Que são aqueles dois raminhos de oliveira que estão junto aos dois tubos de ouro e que vertem de si ouro?"
sobrevinha,1,sobre vinha,2943,139,Atos,28,6,"E eles esperavam que viesse a inchar ou a cair morto de repente; mas tendo esperado já muito e vendo que nenhum incômodo lhe sobrevinha, mudando de parecer, diziam que era um deus."
vivestes,1,vi vestes,139,264,Tiago,5,5,"Deliciosamente, vivestes sobre a terra, e vos deleitastes, e cevastes o vosso coração, como num dia de matança."
quaisquer,1,quais quer,311,134,Apocalipse,22,19,"e, se alguém tirar quaisquer palavras do livro desta profecia, Deus tirará a sua parte da árvore da vida e da Cidade Santa, que estão escritas neste livro."
Queros,2,quer os,134,13856,Esdras,2,44,"os filhos de Queros, os filhos de Sia, os filhos de Padom,"
embeber,1,em beber,6227,127,Marcos,15,36,"E um deles correu a embeber uma esponja em vinagre e, pondo-a numa cana, deu-lho a beber, dizendo: Deixai, vejamos se virá Elias tirá-lo."
contradizer,2,contra dizer,1670,123,Lucas,21,15,"porque eu vos darei boca e sabedoria a que não poderão resistir, nem contradizer todos quantos se vos opuserem."
dizerem,2,dizer em,123,6227,Esdras,8,17,"E dei-lhes mandado para Ido, chefe no lugar de Casifia, e lhes pus palavras na boca para dizerem a Ido, seu irmão, e aos netineus, no lugar de Casifia, que nos trouxessem ministros para a Casa do nosso Deus."
maldizer,1,mal dizer,524,123,1 Timóteo,5,14,"Quero, pois, que as que são moças se casem, gerem filhos, governem a casa e não deem ocasião ao adversário de maldizer."
pelejarei,1,peleja rei,123,2503,Jeremias,21,5,"E eu pelejarei contra vós com mão estendida, e com braço forte, e com ira, e com indignação, e com grande furor."
tomadas,1,toma das,117,1631,Jeremias,48,41,"São tomadas as cidades e ocupadas as fortalezas; e será o coração dos valentes de Moabe, naquele dia, como o coração da mulher em suas dores."
temesse,1,tem esse,638,113,Malaquias,2,5,"Meu concerto com ele foi de vida e de paz, e eu lhas dei para que me temesse, e me temeu e assombrou-se por causa do meu nome."
umidade,2,um idade,3702,113,Jó,37,11,Também com a umidade carrega as grossas nuvens e esparge a nuvem da sua luz.
depuseram,2,de puseram,24404,109,Salmos,35,11,Falsas testemunhas se levantaram; depuseram contra mim coisas que eu não sabia.
houveras,1,houver as,109,5792,1 Coríntios,4,7,"Porque quem te diferença? E que tens tu que não tenhas recebido? E, se o recebeste, por que te glorias como se não o houveras recebido?"
alisei,1,ali sei,688,107,Deuteronômio,10,3,"Assim, fiz uma arca de madeira de cetim, e alisei duas tábuas de pedra, como as primeiras, e subi o monte com as duas tábuas na minha mão."
honrados,1,honra dos,107,5149,Números,22,15,"Porém Balaque prosseguiu ainda em enviar mais príncipes e mais honrados do que aqueles,"
honrarei,2,honra rei,107,2503,Números,22,17,"porque grandemente te honrarei e farei tudo o que me disseres; vem, pois, rogo-te, amaldiçoa-me este povo."
nascem,1,nas cem,818,103,1 Timóteo,6,4,"é soberbo e nada sabe, mas delira acerca de questões e contendas de palavras, das quais nascem invejas, porfias, blasfêmias, ruins suspeitas,"
composto,2,com posto,5170,101,Êxodo,30,25,"E disto farás o azeite da santa unção, o perfume composto segundo a obra do perfumista; este será o azeite da santa unção."
viramos,2,viram os,97,13856,Deuteronômio,2,8,"Passando, pois, por nossos irmãos, os filhos de Esaú, que habitavam em Seir, desde o caminho da planície de Elate e de Eziom-Geber, nos viramos e passamos o caminho do deserto de Moabe."
contradiziam,1,contra diziam,1670,94,Atos,13,45,"Então, os judeus, vendo a multidão, encheram-se de inveja e, blasfemando, contradiziam o que Paulo dizia."
sobrevirão,2,sobre virão,2943,90,Lucas,21,26,"homens desmaiando de terror, na expectação das coisas que sobrevirão ao mundo, porquanto os poderes do céu serão abalados."
comeria,1,comer ia,178,85,1 Reis,13,8,"Porém o homem de Deus disse ao rei: Ainda que me desses metade da tua casa, não iria contigo, nem comeria pão, nem beberia água neste lugar."
entraria,1,entrar ia,115,85,Deuteronômio,4,21,"Também o Senhor se indignou contra mim, por causa das vossas palavras, e jurou que eu não passaria o Jordão e que não entraria na boa terra que o Senhor, teu Deus, te dará por herança."
nomeia,1,nome ia,971,85,Efésios,1,21,"acima de todo principado, e poder, e potestade, e domínio, e de todo nome que se nomeia, não só neste século, mas também no vindouro."
passaria,1,passar ia,131,85,Deuteronômio,4,21,"Também o Senhor se indignou contra mim, por causa das vossas palavras, e jurou que eu não passaria o Jordão e que não entraria na boa terra que o Senhor, teu Deus, te dará por herança."
Saberia,2,saber ia,244,85,Jó,23,5,Saberia as palavras com que ele me responderia e entenderia o que me dissesse.
meterá,2,me terá,2111,84,Levítico,16,12,"Tomará também o incensário cheio de brasas de fogo do altar, de diante do Senhor, e os seus punhos cheios de incenso aromático moído e o meterá dentro do véu."
sobrevenha,1,sobre venha,2943,83,Salmos,109,17,"Visto que amou a maldição, ela lhe sobrevenha; e pois que não desejou a bênção, ela se afaste dele."
reinaria,1,reinar ia,82,85,1 Samuel,11,12,"Então, disse o povo a Samuel: Quem é aquele que dizia que Saul não reinaria sobre nós? Dai cá aqueles homens, e os mataremos."
assombra,1,as sombra,5792,81,1 Samuel,16,15,"Então, os criados de Saul lhe disseram: Eis que agora um espírito mau, da parte do Senhor, te assombra."
chegareis,1,chegar eis,78,1303,Josué,7,14,"Amanhã, pois, vos chegareis, segundo as vossas tribos; e será que a tribo que o Senhor tomar se chegará, segundo as famílias; e a família que o Senhor tomar se chegará por casas; e a casa que o Senhor tomar se chegará homem por homem."
chegaria,2,chegar ia,78,85,Jó,23,3,Ah! Se eu soubesse que o poderia achar! Então me chegaria ao seu tribunal.
chamareis,1,chama reis,75,333,Rute,1,21,"Cheia parti, porém vazia o Senhor me fez tornar; por que, pois, me chamareis Noemi? Pois o Senhor testifica contra mim, e o Todo-Poderoso me tem afligido tanto."
Estáquis,1,está quis,1348,75,Romanos,16,9,"Saudai a Urbano, nosso cooperador em Cristo, e a Estáquis, meu amado."
florestas,1,flor estas,75,410,Isaías,7,19,"e virão e pousarão todas nos vales desertos e nas fendas das rochas, e em todos os espinhos, e em todas as florestas."
quisesse,2,quis esse,75,113,Jó,6,9,"E que Deus quisesse quebrantar-me, e soltasse a sua mão, e acabasse comigo!"
sobrevier,1,sobre vier,2943,73,2 Crônicas,20,9,"Se algum mal nos sobrevier, espada, juízo, peste ou fome, nós nos apresentaremos diante desta casa e diante de ti; pois teu nome está nesta casa; e clamaremos a ti na nossa angústia, e tu nos ouvirás e livrarás."
vieras,1,vier as,73,5792,1 Samuel,25,34,"Porque, na verdade, vive o Senhor, Deus de Israel, que me impediu que te fizesse mal, que se tu não te apressaras e me não vieras ao encontro, não ficaria a Nabal, até à luz da manhã, nem mesmo um menino."
disseras,1,disser as,72,5792,1 Reis,8,24,"que cumpriste com teu servo Davi, meu pai, o que lhe disseras; porque, com a tua boca, o disseste e, com a tua mão, o cumpriste, como neste dia se vê."
maldisser,2,mal disser,524,72,Mateus,15,4,"Porque Deus ordenou, dizendo: Honra a teu pai e a tua mãe; e: Quem maldisser ao pai ou à mãe, que morra de morte."
tornaria,2,tornar ia,69,85,Jeremias,27,17,"Não lhes deis ouvidos, servi ao rei da Babilônia e vivereis. Por que se tornaria esta cidade um deserto?"
maldirás,1,mal dirás,524,67,Êxodo,22,28,Os juízes não amaldiçoarás e o príncipe dentre o teu povo não maldirás.
medirás,1,me dirás,2111,67,Ezequiel,45,3,E desta medida medirás um comprimento de vinte e cinco mil côvados e uma largura de dez mil; e ali estará o santuário e o lugar santíssimo.
deitais,2,dei tais,90,66,Isaías,57,4,"De quem fazeis o vosso passatempo? Contra quem escancarais a boca e deitais para fora a língua? Porventura, não sois filhos da transgressão, semente da falsidade,"
metais,2,me tais,2111,66,Josué,6,18,"Tão somente guardai-vos do anátema, para que não vos metais em anátema tomando dela, e assim façais maldito o arraial de Israel, e o turveis."
portais,1,por tais,4118,66,Neemias,6,1,"Sucedeu mais que, ouvindo Sambalate, Tobias, Gesém, o arábio, e o resto dos nossos inimigos que eu tinha edificado o muro e que nele já não havia brecha alguma, ainda que até este tempo não tinha posto as portas nos portais,"
soltais,2,sol tais,185,66,Lucas,19,31,"E, se alguém vos perguntar: Por que o soltais?, assim lhe direis: Porque o Senhor precisa dele."
edificarem,1,edificar em,65,6227,Zacarias,5,11,"E ele me disse: Para lhe edificarem uma casa na terra de Sinar, e, estando ela acabada, ele será posto ali em seu próprio lugar."
edificaria,1,edificar ia,65,85,1 Crônicas,17,10,desde os dias em que ordenei juízes sobre o meu povo de Israel; porém abati todos os teus inimigos; também te fiz saber que o Senhor te edificaria uma casa.
habitados,1,habita dos,65,5149,Zacarias,7,7,"Não ouvistes vós as palavras que o Senhor pregou pelo ministério dos profetas precedentes, quando Jerusalém estava habitada e quieta, com as suas cidades ao redor dela, e o Sul e a campina eram habitados?"
pecaria,1,pecar ia,64,85,Gênesis,39,9,"Ninguém há maior do que eu nesta casa, e nenhuma coisa me vedou, senão a ti, porquanto tu és sua mulher; como, pois, faria eu este tamanho mal e pecaria contra Deus?"
Sobeque,1,sobe que,64,21851,Neemias,10,24,"Haloés, Pileá, Sobeque,"
voltaria,2,voltar ia,64,85,Jó,34,15,"toda a carne juntamente expiraria, e o homem voltaria para o pó."
armasse,1,armas se,63,6927,Juízes,9,25,E os cidadãos de Siquém puseram contra ele quem lhe armasse emboscadas sobre os cumes dos montes; e a todo aquele que passava pelo caminho junto a eles o assaltavam; e contou-se a Abimeleque.
faltado,1,falta do,62,10449,Romanos,9,6,"Não que a palavra de Deus haja faltado, porque nem todos os que são de Israel são israelitas;"
faltarei,1,falta rei,62,2503,Salmos,89,33,"Mas não retirarei totalmente dele a minha benignidade, nem faltarei à minha fidelidade."
coroada,1,coroa da,61,7168,Isaías,23,8,"Quem formou este desígnio contra Tiro, a cidade coroada, cujos mercadores são príncipes e cujos negociantes são os mais nobres da terra?"
coroado,2,coroa do,61,10449,2 Timóteo,2,5,"E, se alguém também milita, não é coroado se não militar legitimamente."
coroados,1,coroa dos,61,5149,Naum,3,17,"Os teus coroados são como os gafanhotos, e os teus chefes, como os gafanhotos grandes, que se acampam nas sebes nos dias de frio; em subindo o sol, voam, e não se conhece o lugar onde estão."
tocarem,2,tocar em,61,6227,Números,10,3,"E, quando as tocarem ambas, então, toda a congregação se congregará a ti à porta da tenda da congregação."
tocaria,2,tocar ia,61,85,Juízes,20,34,"E dez mil homens escolhidos de todo o Israel vieram contra Gibeá, e a peleja se engravesceu; porém eles não sabiam que o mal lhes tocaria."
Tomaria,2,tomar ia,61,85,1 Samuel,25,11,"Tomaria eu, pois, o meu pão, e a minha água, e a carne das minhas reses que degolei para os meus tosquiadores e o daria a homens que eu não sei de onde vêm?"
beberiam,1,beber iam,127,59,Atos,23,12,"Quando já era dia, alguns dos judeus fizeram uma conspiração e juraram dizendo que não comeriam nem beberiam enquanto não matassem a Paulo."
comecem,1,come cem,59,103,Lucas,14,29,"Para que não aconteça que, depois de haver posto os alicerces e não a podendo acabar, todos os que a virem comecem a escarnecer dele,"
comeriam,1,comer iam,178,59,Atos,23,12,"Quando já era dia, alguns dos judeus fizeram uma conspiração e juraram dizendo que não comeriam nem beberiam enquanto não matassem a Paulo."
cometerá,1,come terá,59,84,Sofonias,3,13,"O remanescente de Israel não cometerá iniquidade, nem proferirá mentira, e na sua boca não se achará língua enganosa; porque serão apascentados, deitar-se-ão, e não haverá quem os espante."
cometi,2,come ti,59,1332,Provérbios,30,20,"Tal é o caminho da mulher adúltera: ela come, e limpa a sua boca, e diz: Não cometi maldade."
dariam,2,dar iam,163,59,Juízes,3,4,"Estes, pois, ficaram, para por eles o Senhor provar a Israel, para saber se dariam ouvidos aos seus mandamentos que tinha ordenado a seus pais pelo ministério de Moisés."
entrariam,2,entrar iam,115,59,Neemias,9,23,E multiplicaste os seus filhos como as estrelas do céu e trouxeste-os à terra de que tinhas dito a seus pais que entrariam nela para a possuírem.
luziam,1,luz iam,274,59,Ezequiel,1,7,"E os seus pés eram pés direitos; e as plantas dos seus pés, como a planta do pé de uma bezerra, e luziam como a cor de cobre polido."
morreriam,1,morrer iam,69,59,Números,26,65,"Porque o Senhor dissera deles que certamente morreriam no deserto; e nenhum deles ficou, senão Calebe, filho de Jefoné, e Josué, filho de Num."
veriam,1,ver iam,145,59,Atos,20,38,"entristecendo-se muito, principalmente pela palavra que dissera, que não veriam mais o seu rosto. E acompanharam-no até ao navio."
compõe,1,com põe,5170,58,Salmos,50,19,"Soltas a tua boca para o mal, e a tua língua compõe o engano."
decairão,1,de cairão,24404,58,Salmos,18,45,Os estranhos decairão e terão medo nas suas fortificações.
ficaria,2,ficar ia,58,85,1 Samuel,25,34,"Porque, na verdade, vive o Senhor, Deus de Israel, que me impediu que te fizesse mal, que se tu não te apressaras e me não vieras ao encontro, não ficaria a Nabal, até à luz da manhã, nem mesmo um menino."
passatempo,1,passa tempo,58,506,Isaías,57,4,"De quem fazeis o vosso passatempo? Contra quem escancarais a boca e deitais para fora a língua? Porventura, não sois filhos da transgressão, semente da falsidade,"
comprazer,2,com prazer,5170,57,Atos,24,27,"Mas, passados dois anos, Félix teve por sucessor a Pórcio Festo; e, querendo Félix comprazer aos judeus, deixou a Paulo preso."
menoridade,1,menor idade,57,113,Gênesis,43,33,"E assentaram-se diante dele, o primogênito segundo a sua primogenitura e o menor segundo a sua menoridade; do que os varões se maravilhavam entre si."
tiradas,1,tira das,57,1631,Juízes,17,2,"o qual disse à sua mãe: As mil e cem moedas de prata que te foram tiradas, por cuja causa deitavas maldições e também as disseste em meus ouvidos, eis que esse dinheiro eu o tenho, eu o tomei. Então, disse sua mãe: Bendito seja meu filho do Senhor."
ferrolho,2,ferro lho,99,56,Ezequiel,38,11,"E dirás: Subirei contra a terra das aldeias não muradas, virei contra os que estão em repouso, que habitam seguros; todos eles habitam sem muro e não têm ferrolho nem portas;"
esterque,1,ester que,55,21851,Lucas,13,8,"E, respondendo ele, disse-lhe: Senhor, deixa-a este ano, até que eu a escave e a esterque;"
levariam,1,levar iam,55,59,Eclesiastes,10,20,"Nem ainda no teu pensamento amaldiçoes o rei, nem tampouco no mais interior da tua recâmara amaldiçoes o rico; porque as aves dos céus levariam a voz e o que tem asas daria notícia da palavra."
luzirá,1,luz irá,274,55,Apocalipse,18,23,"e luz de candeia não mais luzirá em ti, e voz de esposo e de esposa não mais em ti se ouvirá; porque os teus mercadores eram os grandes da terra; porque todas as nações foram enganadas pelas tuas feitiçarias."
soldada,1,sol dada,185,55,Isaías,41,7,"E o artífice animou o ourives, e o que alisa com o martelo, ao que bate na safra, dizendo da coisa soldada: Boa é. Então, com pregos o firma, para que não venha a mover-se."
ferireis,2,ferir eis,54,1303,Números,25,17,"Afligireis os midianitas e os ferireis,"
ferirem,2,ferir em,54,6227,Êxodo,21,22,"Se alguns homens pelejarem, e ferirem uma mulher grávida, e forem causa de que aborte, porém se não houver morte, certamente aquele que feriu será multado conforme o que lhe impuser o marido da mulher e pagará diante dos juízes."
feririam,1,ferir iam,54,59,2 Crônicas,25,16,"E sucedeu que, falando-lhe ele, lhe respondeu: Puseram-te por conselheiro do rei? Cala-te, por que te feririam? Então, o profeta parou e disse: Bem vejo eu que já Deus deliberou destruir-te, porquanto fizeste isso e não deste ouvidos a meu conselho."
levantada,2,levanta da,53,7168,Números,15,30,"Mas a alma que fizer alguma coisa à mão levantada, quer seja dos naturais quer dos estrangeiros, injúria ao Senhor; e tal alma será extirpada do meio do seu povo,"
levantados,1,levanta dos,53,5149,Isaías,57,7,Sobre os montes altos e levantados pões a tua cama; e a eles sobes para oferecer sacrifícios.
Merede,2,me rede,2111,53,1 Crônicas,4,17,"E os filhos de Ezra: Jéter, e Merede, e Efer, e Jalom; e ela teve mais a Miriã, e Samai, e Isbá, pai de Estemoa."
Serede,2,se rede,6927,53,Gênesis,46,14,"E os filhos de Zebulom: Serede, e Elom, e Jaleel."
sobrevêm,1,sobre vêm,2943,53,Salmos,55,5,Temor e tremor me sobrevêm; e o horror me cobriu.
testemunharei,1,testemunha rei,53,2503,Jeremias,6,10,"A quem falarei e testemunharei, para que ouça? Eis que os seus ouvidos estão incircuncisos e não podem ouvir; eis que a palavra do Senhor é para eles coisa vergonhosa; não gostam dela."
acharia,1,achar ia,52,85,Marcos,11,13,"Vendo de longe uma figueira que tinha folhas, foi ver se nela acharia alguma coisa; e, chegando a ela, não achou senão folhas, porque não era tempo de figos."
achariam,2,achar iam,52,59,Juízes,5,30,"Porventura não achariam e repartiriam despojos? Uma ou duas moças a cada homem? Para Sísera despojos de várias cores, despojos de várias cores de bordados; de várias cores bordados de ambas as bandas, para os pescoços do despojo?"
desejais,2,de sejais,24404,52,Malaquias,3,1,"Eis que eu envio o meu anjo, que preparará o caminho diante de mim; e, de repente, virá ao seu templo o Senhor, a quem vós buscais, o anjo do concerto, a quem vós desejais; eis que vem, diz o Senhor dos Exércitos."
amadores,2,ama dores,83,51,Lamentações,1,2,"Continuamente chora de noite, e as suas lágrimas correm pelas suas faces; não tem quem a console entre todos os seus amadores; todos os seus amigos se houveram aleivosamente com ela, tornaram-se seus inimigos."
faladores,1,fala dores,163,51,Tito,1,10,"Porque há muitos desordenados, faladores, vãos e enganadores, principalmente os da circuncisão,"
guardadores,1,guarda dores,220,51,1 Crônicas,9,19,"E Salum, filho de Coré, filho de Ebiasafe, filho de Corá, e seus irmãos da casa de seu pai, os coraítas, tinham cargo da obra do ministério e eram guardas dos umbrais do tabernáculo; e seus pais foram capitães do arraial do Senhor e guardadores da entrada."
habitadores,1,habita dores,65,51,1 Crônicas,9,2,"E os primeiros habitadores, que moravam nas suas possessões e nas suas cidades, foram os israelitas, os sacerdotes, os levitas e os netineus."
desejas,1,de sejas,24404,50,Mateus,15,28,"Então, respondeu Jesus e disse-lhe: Ó mulher, grande é a tua fé. Seja isso feito para contigo, como tu desejas. E, desde aquela hora, a sua filha ficou sã."
contrato,2,contra to,1670,49,Rute,4,7,"Havia, pois, já de muito tempo este costume em Israel, quanto à remissão e contrato, para confirmar todo negócio, que o homem descalçava o sapato e o dava ao seu próximo; e isto era por testemunho em Israel."
tomais,2,to mais,49,1373,Neemias,5,7,"E considerei comigo mesmo no meu coração; depois, pelejei com os nobres e com os magistrados e disse-lhes: Usura tomais cada um de seu irmão. E ajuntei contra eles um grande ajuntamento."
toquem,1,to quem,49,1235,Rute,2,9,"Os teus olhos estarão atentos no campo que segarem, e irás após elas; não dei ordem aos moços, que te não toquem? Tendo tu sede, vai aos vasos e bebe do que os moços tirarem."
viveria,1,viver ia,49,85,2 Samuel,1,10,"Arremessei-me, pois, sobre ele, e o matei, porque bem sabia eu que não viveria depois da sua queda, e tomei a coroa que tinha na cabeça e a manilha que trazia no braço, e as trouxe aqui a meu senhor."
voltadas,2,volta das,49,1631,Êxodo,25,20,"Os querubins estenderão as suas asas por cima, cobrindo com as suas asas o propiciatório; as faces deles, uma defronte da outra; as faces dos querubins estarão voltadas para o propiciatório."
batalharei,1,batalha rei,48,2503,Apocalipse,2,16,"Arrepende-te, pois; quando não, em breve virei a ti e contra eles batalharei com a espada da minha boca."
comesses,1,com esses,5170,48,Gênesis,3,11,E Deus disse: Quem te mostrou que estavas nu? Comeste tu da árvore de que te ordenei que não comesses?
livrareis,1,livrar eis,48,1303,Josué,2,13,"de que dareis a vida a meu pai e a minha mãe, como também a meus irmãos e a minhas irmãs, com tudo o que têm, e de que livrareis as nossas vidas da morte."
livraria,1,livrar ia,48,85,Jó,23,7,"Ali, o reto pleitearia com ele, e eu me livraria para sempre do meu juiz."
pusestes,2,pus estes,48,528,Deuteronômio,4,11,"E vós vos chegastes, e vos pusestes ao pé do monte; e o monte ardia em fogo até ao meio dos céus, e havia trevas, e nuvens, e escuridão."
sobrevim,1,sobre vim,2943,48,Atos,23,27,"Este homem foi preso pelos judeus; e, estando já a ponto de ser morto por eles, sobrevim eu com a soldadesca e o livrei, informado de que era romano."
viesses,1,vi esses,139,48,Gênesis,27,33,"Então, estremeceu Isaque de um estremecimento muito grande e disse: Quem, pois, é aquele que apanhou a caça e ma trouxe? Eu comi de tudo, antes que tu viesses, e abençoei-o; também será bendito."
contadas,2,conta das,47,1631,Êxodo,38,21,"Esta é a enumeração das coisas contadas do tabernáculo do Testemunho, que por ordem de Moisés foram contadas para o ministério dos levitas por mão de Itamar, filho de Arão, o sacerdote."
contadores,1,conta dores,47,51,Jeremias,33,13,"Nas cidades das montanhas, e nas cidades das planícies, e nas cidades do Sul, e na terra de Benjamim, e nos contornos de Jerusalém, e nas cidades de Judá, ainda passará o gado pelas mãos dos contadores, diz o Senhor."
contato,2,conta to,47,49,Números,5,2,"Ordena aos filhos de Israel que lancem fora do arraial a todo leproso, e a todo o que padece fluxo, e a todos os imundos por causa de contato com algum morto."
sarada,1,sara da,47,7168,Levítico,14,3,"e o sacerdote sairá fora do arraial e o sacerdote, examinando, eis que, se a praga da lepra do leproso for sarada,"
sarados,2,sara dos,47,5149,Isaías,53,5,"Mas ele foi ferido pelas nossas transgressões e moído pelas nossas iniquidades; o castigo que nos traz a paz estava sobre ele, e, pelas suas pisaduras, fomos sarados."
guardariam,1,guardar iam,46,59,Neemias,10,29,"firmemente aderiram a seus irmãos, os mais nobres de entre eles, e convieram num anátema e num juramento, de que andariam na Lei de Deus, que foi dada pelo ministério de Moisés, servo de Deus; e de que guardariam e cumpririam todos os mandamentos do Senhor, nosso Senhor, e os seus juízos e os seus estatutos;"
masmorra,1,mas morra,2938,44,Isaías,24,22,"E serão amontoados como presos em uma masmorra, e serão encerrados em um cárcere, e serão visitados depois de muitos dias."
conheceras,1,conhecer as,43,5792,João,4,10,"Jesus respondeu e disse-lhe: Se tu conheceras o dom de Deus e quem é o que te diz: Dá-me de beber, tu lhe pedirias, e ele te daria água viva."
conhecerem,2,conhecer em,43,6227,2 Timóteo,2,25,"instruindo com mansidão os que resistem, a ver se, porventura, Deus lhes dará arrependimento para conhecerem a verdade"
conheceria,1,conhecer ia,43,85,Romanos,7,7,"Que diremos, pois? É a lei pecado? De modo nenhum! Mas eu não conheci o pecado senão pela lei; porque eu não conheceria a concupiscência, se a lei não dissesse: Não cobiçarás."
demorada,1,de morada,24404,43,Provérbios,13,12,"A esperança demorada enfraquece o coração, mas o desejo chegado é árvore de vida."
descereis,1,descer eis,43,1303,2 Crônicas,20,16,"Amanhã, descereis contra eles; eis que sobem pela ladeira de Ziz, e os achareis no fim do vale, diante do deserto de Jeruel."
descerem,2,descer em,43,6227,Números,16,30,"Mas, se o Senhor criar alguma coisa nova, e a terra abrir a sua boca e os tragar com tudo o que é seu, e vivos descerem ao sepulcro, então, conhecereis que estes homens irritaram ao Senhor."
namorada,1,na morada,3095,43,Gênesis,34,8,"Então, falou Hamor com eles, dizendo: A alma de Siquém, meu filho, está namorada da vossa filha; dai-lha, peço-vos, por mulher."
segada,2,sega da,43,7168,Amós,7,1,"O Senhor Jeová assim me fez ver: eis que ele formava gafanhotos no princípio do rebento da erva serôdia, e eis que era a erva serôdia depois da segada do rei."
segareis,1,sega reis,43,333,Levítico,25,11,"O ano quinquagésimo vos será jubileu; não semeareis, nem segareis o que nele nascer de si mesmo, nem nele vindimareis as uvas das vides não tratadas."
bordada,2,borda da,41,7168,Êxodo,28,4,"Estas, pois, são as vestes que farão: um peitoral, e um éfode, e um manto, e uma túnica bordada, e uma mitra, e um cinto; farão, pois, vestes santas a Arão, teu irmão, e a seus filhos, para me administrarem o ofício sacerdotal."
bordado,1,borda do,41,10449,Ezequiel,27,7,"Linho fino bordado do Egito era a tua cortina, para te servir de vela; azul e púrpura das ilhas de Elisá eram a tua cobertura."
derredor,2,der redor,41,271,Lucas,4,14,"Então, pela virtude do Espírito, voltou Jesus para a Galileia, e a sua fama correu por todas as terras em derredor."
guardasse,2,guardas se,41,6927,1 Samuel,7,1,"Então, vieram os homens de Quiriate-Jearim, e levaram a arca do Senhor, e a trouxeram à casa de Abinadabe, no outeiro; e consagraram Eleazar, seu filho, para que guardasse a arca do Senhor."
receberia,1,receber ia,41,85,Mateus,25,27,"devias, então, ter dado o meu dinheiro aos banqueiros, e, quando eu viesse, receberia o que é meu com os juros."
secado,2,seca do,41,10449,Josué,5,1,"E sucedeu que, ouvindo todos os reis dos amorreus que habitavam desta banda do Jordão, ao ocidente, e todos os reis dos cananeus que estavam ao pé do mar que o Senhor tinha secado as águas do Jordão, de diante dos filhos de Israel, até que passamos, derreteu-se-lhes o coração, e não houve mais ânimo neles, por causa dos filhos de Israel."
tirariam,1,tirar iam,41,59,Provérbios,22,27,"Se não tens com que pagar, por que tirariam a tua cama de debaixo de ti?"
comedor,1,come dor,59,40,Juízes,14,14,"Então, lhes disse: Do comedor saiu comida, e doçura saiu do forte. E em três dias não puderam declarar o enigma."
conhecedor,2,conhece dor,55,40,Êxodo,21,29,"Mas, se o boi dantes era escornador, e o seu dono foi conhecedor disso e não o guardou, matando homem ou mulher, o boi será apedrejado, e também o seu dono morrerá."
detiveram,1,de tiveram,24404,40,Jeremias,14,10,"Assim diz o Senhor acerca deste povo: Pois que tanto amaram o afastar-se e não detiveram os pés; por isso, o Senhor se não agrada deles, mas agora se lembrará da maldade deles e visitará os seus pecados."
dizedor,1,dize dor,97,40,Ezequiel,20,49,"Então, disse eu: Ah! Senhor Jeová! Eles dizem de mim: Não é este um dizedor de parábolas?"
falador,1,fala dor,163,40,Jó,11,2,"Porventura, não se dará resposta à multidão de palavras? E o homem falador será justificado?"
fazedor,1,faze dor,101,40,Tiago,1,25,"Aquele, porém, que atenta bem para a lei perfeita da liberdade e nisso persevera, não sendo ouvinte esquecido, mas fazedor da obra, este tal será bem-aventurado no seu feito."
guardador,1,guarda dor,220,40,Gênesis,4,9,"E disse o Senhor a Caim: Onde está Abel, teu irmão? E ele disse: Não sei; sou eu guardador do meu irmão?"
nadador,1,nada dor,266,40,Isaías,25,11,"E Moabe estenderá as mãos por entre eles, como as estende o nadador para nadar; mas o Senhor abaterá a sua altivez, apesar da perícia das suas mãos."
orador,1,ora dor,256,40,Atos,24,1,"Cinco dias depois, o sumo sacerdote, Ananias, desceu com os anciãos e um certo Tértulo, orador, os quais compareceram perante o governador contra Paulo."
portador,1,porta dor,434,40,2 Samuel,18,20,"Mas Joabe lhe disse: Tu não serás hoje o portador das novas, porém outro dia as levarás; mas hoje não darás a nova, porque é morto o filho do rei."
profetizadores,1,profetiza dores,40,51,Ezequiel,13,2,"Filho do homem, profetiza contra os profetas de Israel que são profetizadores e dize aos que só profetizam o que vê o seu coração: Ouvi a palavra do Senhor."
profetizarei,1,profetiza rei,40,2503,Miqueias,2,11,"Se houver algum que siga o seu espírito de falsidade, mentindo e dizendo: Eu te profetizarei acerca do vinho e da bebida forte; será esse tal o profeta deste povo."
tirador,1,tira dor,57,40,Deuteronômio,29,11,"os vossos meninos, as vossas mulheres e o estrangeiro que está no meio do teu arraial; desde o rachador da tua lenha até ao tirador da tua água;"
Benaiaeram,1,benaia eram,39,307,2 Crônicas,31,13,"Jeiel, e Azarias, e Naate, e Asael, e Jerimote, e Jozabade, e Eliel, e Ismaquias, e Maate, e Benaiaeram superintendentes sob a direção de Conanias e Simei, seu irmão, por mandado do rei Ezequias e de Azarias, maioral da Casa de Deus."
comoverá,1,como verá,3763,39,Amós,8,8,"Por causa disso, não se comoverá a terra? E não chorará todo aquele que habita nela? Certamente, levantar-se-á toda como o grande rio, e será arrojada, e se submergirá como o rio do Egito."
deverá,1,de verá,24404,39,2 Reis,11,8,"E rodeareis o rei, cada um com as suas armas nas mãos, e aquele que entrar entre as fileiras deverá ser morto; e vós estareis com o rei quando sair e quando entrar."
medireis,2,me direis,2111,39,Números,35,5,"E de fora da cidade, da banda do oriente, medireis dois mil côvados, e da banda do sul, dois mil côvados, e da banda do ocidente, dois mil côvados, e da banda do norte, dois mil côvados, e a cidade no meio; isto terão por arrabaldes das cidades."
buscados,1,busca dos,38,5149,Obadias,1,6,Como foram buscados os bens de Esaú! Como foram esquadrinhados os seus esconderijos!
chamaria,1,chamar ia,38,85,Gênesis,2,19,"Havendo, pois, o Senhor Deus formado da terra todo animal do campo e toda ave dos céus, os trouxe a Adão, para este ver como lhes chamaria; e tudo o que Adão chamou a toda a alma vivente, isso foi o seu nome."
cometereis,2,come tereis,59,38,Levítico,19,35,"Não cometereis injustiça no juízo, nem na vara, nem no peso, nem na medida."
Elimas,1,eli mas,38,2938,Atos,13,8,"Mas resistia-lhes Elimas, o encantador (porque assim se interpreta o seu nome), procurando apartar da fé o procônsul."
Elisua,2,eli sua,38,3999,2 Samuel,5,15,"e Ibar, e Elisua, e Nefegue, e Jafia,"
metereis,1,me tereis,2111,38,Números,20,12,"E o Senhor disse a Moisés e a Arão: Porquanto não me crestes a mim, para me santificar diante dos filhos de Israel, por isso não metereis esta congregação na terra que lhes tenho dado."
receberei,1,recebe rei,38,2503,2 Coríntios,6,17,"Pelo que saí do meio deles, e apartai-vos, diz o Senhor; e não toqueis nada imundo, e eu vos receberei;"
selados,2,se lados,6927,38,Efésios,1,13,"em quem também vós estais, depois que ouvistes a palavra da verdade, o evangelho da vossa salvação; e, tendo nele também crido, fostes selados com o Espírito Santo da promessa;"
aborrecereis,1,aborrece reis,37,333,Provérbios,1,22,"Até quando, ó néscios, amareis a necedade? E vós, escarnecedores, desejareis o escárnio? E vós, loucos, aborrecereis o conhecimento?"
saídos,1,saí dos,37,5149,Atos,13,42,"E, saídos os judeus da sinagoga, os gentios rogaram que no sábado seguinte lhes fossem ditas as mesmas coisas."
buscaria,1,buscar ia,36,85,Jó,5,8,"Mas quanto a mim eu buscaria a Deus, e a ele dirigiria a minha fala."
entenderem,1,entender em,35,6227,Provérbios,1,2,Para se conhecer a sabedoria e a instrução; para se entenderem as palavras da prudência;
entenderia,2,entender ia,35,85,Jó,23,5,Saberia as palavras com que ele me responderia e entenderia o que me dissesse.
entenderiam,1,entender iam,35,59,Atos,7,25,E ele cuidava que seus irmãos entenderiam que Deus lhes havia de dar a liberdade pela sua mão; mas eles não entenderam.
cessarem,1,cessar em,34,6227,Eclesiastes,12,3,"no dia em que tremerem os guardas da casa, e se curvarem os homens fortes, e cessarem os moedores, por já serem poucos, e se escurecerem os que olham pelas janelas;"
cessaria,1,cessar ia,34,85,Neemias,6,3,"E enviei-lhes mensageiros a dizer: Estou fazendo uma grande obra, de modo que não poderei descer; por que cessaria esta obra, enquanto eu a deixasse e fosse ter convosco?"
deitaria,1,deitar ia,34,85,Êxodo,22,27,"porque aquela é a sua cobertura e a veste da sua pele; em que se deitaria? Será, pois, que, quando clamar a mim, eu o ouvirei, porque sou misericordioso."
deixariam,2,deixar iam,34,59,Jeremias,49,9,"Se vindimadores viessem a ti, não deixariam alguns rabiscos? Se ladrões, de noite, não te danificariam quanto julgassem suficiente?"
dorido,1,dor ido,40,34,Salmos,55,4,"O meu coração está dorido dentro de mim, e terrores de morte sobre mim caíram."
parapeito,1,para peito,8233,34,Deuteronômio,22,8,"Quando edificares uma casa nova, farás no telhado um parapeito, para que não ponhas culpa de sangue na tua casa, se alguém de alguma maneira cair dela."
permanecerei,1,permanece rei,34,2503,Filipenses,1,25,"E, tendo esta confiança, sei que ficarei e permanecerei com todos vós para proveito vosso e gozo da fé,"
querido,2,quer ido,134,34,Salmos,4,3,"Sabei, pois, que o Senhor separou para si aquele que lhe é querido; o Senhor ouvirá quando eu clamar a ele."
temido,2,tem ido,638,34,Josué,4,14,"Naquele dia, o Senhor engrandeceu a Josué diante dos olhos de todo o Israel; e temeram-no, como haviam temido a Moisés, todos os dias da sua vida."
amoreira,1,amor eira,276,33,Lucas,17,6,"E disse o Senhor: Se tivésseis fé como um grão de mostarda, diríeis a esta amoreira: Desarraiga-te daqui e planta-te no mar, e ela vos obedeceria."
eirado,2,eira do,33,10449,1 Samuel,9,25,"Então, desceram do alto para a cidade; e falou com Saul sobre o eirado."
forçasse,1,forças se,33,6927,Ester,1,8,"E o beber era, por lei, feito sem que ninguém forçasse a outro; porque assim o tinha ordenado o rei expressamente a todos os grandes da sua casa que fizessem conforme a vontade de cada um."
Quemcrê,1,quem crê,1235,33,João,3,18,"Quemcrê nele não é condenado; mas quem não crê já está condenado, porquanto não crê no nome do unigênito Filho de Deus."
tornada,1,torna da,33,7168,Jeremias,46,19,"Prepara-te para ires para o cativeiro, ó moradora, filha do Egito; porque Nofe será tornada em desolação e será abrasada, até que ninguém mais aí more."
andadura,1,anda dura,83,31,1 Crônicas,14,15,"e há de ser que, ouvindo tu um ruído de andadura pelas copas das amoreiras, então, sai à peleja; porque Deus haverá saído diante de ti, a ferir o exército dos filisteus."
bordadura,2,borda dura,41,31,Ezequiel,16,10,"Também te vesti de bordadura, e te calcei com pele de texugo, e te cingi de linho fino, e te cobri de seda."
julgareis,1,julgar eis,31,1303,Salmos,82,2,Até quando julgareis injustamente e respeitareis a aparência da pessoa dos ímpios? (Selá)
julgarem,2,julgar em,31,6227,Ezequiel,44,24,"E, quando houver pleito, eles assistirão a ele para o julgarem; pelos meus juízos o julgarão; e as minhas leis e os meus estatutos em todas as minhas solenidades guardarão e os meus sábados santificarão."
saltais,1,sal tais,31,66,Salmos,68,16,"Por que saltais, ó montes elevados? Este é o monte que Deus desejou para sua habitação, e o Senhor habitará nele eternamente."
saltem,1,sal tem,31,638,2 Samuel,1,20,"Não o noticieis em Gate, não o publiqueis nas ruas de Asquelom, para que não se alegrem as filhas dos filisteus, para que não saltem de contentamento as filhas dos incircuncisos."
salvai,2,sal vai,31,236,Jeremias,48,6,"Fugi, salvai a vossa vida e sereis como a tamargueira no deserto."
salvem,2,sal vem,31,267,Lucas,8,12,"e os que estão junto do caminho, estes são os que ouvem; depois, vem o diabo e tira-lhes do coração a palavra, para que se não salvem, crendo;"
ajuntados,1,ajunta dos,30,5149,Levítico,26,25,"Porque trarei sobre vós a espada, que executará a vingança do concerto; e ajuntados estareis nas vossas cidades; então, enviarei a peste entre vós, e sereis entregues na mão do inimigo."
ajuntareis,2,ajunta reis,30,333,Neemias,4,20,"No lugar onde ouvirdes o som da buzina, ali vos ajuntareis conosco; o nosso Deus pelejará por nós."
banqueteiam,1,banquete iam,30,59,2 Pedro,2,13,"recebendo o galardão da injustiça; pois que tais homens têm prazer nos deleites cotidianos; nódoas são eles e máculas, deleitando-se em seus enganos, quando se banqueteiam convosco;"
cágado,1,cá gado,30,132,Levítico,11,29,"Estes também vos serão por imundos entre os répteis que se arrastam sobre a terra: a doninha, e o rato, e o cágado segundo a sua espécie,"
seguirem,2,seguir em,30,6227,Ezequiel,14,5,"para que possa apanhar a casa de Israel no seu coração, porquanto todos se apartaram de mim para seguirem os seus ídolos."
alcançareis,2,alcançar eis,29,1303,Josué,2,5,"E aconteceu que, havendo-se de fechar a porta, sendo já escuro, aqueles homens saíram; não sei para onde aqueles homens se foram; ide após eles depressa, porque vós os alcançareis."
atentarei,2,atenta rei,29,2503,Salmos,119,95,"Os ímpios me esperam para me destruírem, mas eu atentarei para os teus testemunhos."
atentareis,1,atenta reis,29,333,Deuteronômio,1,17,"Não atentareis para pessoa alguma em juízo, ouvireis assim o pequeno como o grande; não temereis a face de ninguém, porque o juízo é de Deus; porém a causa que vos for difícil fareis vir a mim, e eu a ouvirei."
clamareis,1,clama reis,29,333,1 Samuel,8,18,"Então, naquele dia, clamareis por causa do vosso rei, que vós houverdes escolhido; mas o Senhor não vos ouvirá naquele dia."
devamos,1,de vamos,24404,29,Atos,4,12,"E em nenhum outro há salvação, porque também debaixo do céu nenhum outro nome há, dado entre os homens, pelo qual devamos ser salvos."
escolheria,2,escolher ia,29,85,Jó,7,15,"pelo que a minha alma escolheria, antes, a estrangulação; e, antes, a morte do que estes meus ossos."
levantamos,1,levantam os,29,13856,Salmos,20,8,"Uns encurvam-se e caem, mas nós nos levantamos e estamos de pé."
salvarem,2,salvar em,29,6227,2 Reis,7,7,"Pelo que se levantaram, e fugiram no crepúsculo, e deixaram as suas tendas, e os seus cavalos, e os seus jumentos, e o arraial como estava; e fugiram para salvarem a sua vida."
salvaria,2,salvar ia,29,85,Mateus,24,22,"E, se aqueles dias não fossem abreviados, nenhuma carne se salvaria; mas, por causa dos escolhidos, serão abreviados aqueles dias."
Amoque,2,amo que,28,21851,Neemias,12,7,"Salu, Amoque, Hilquias e Jedaías; estes foram os chefes dos sacerdotes e de seus irmãos, nos dias de Jesua."
cumpririam,2,cumprir iam,28,59,Neemias,10,29,"firmemente aderiram a seus irmãos, os mais nobres de entre eles, e convieram num anátema e num juramento, de que andariam na Lei de Deus, que foi dada pelo ministério de Moisés, servo de Deus; e de que guardariam e cumpririam todos os mandamentos do Senhor, nosso Senhor, e os seus juízos e os seus estatutos;"
praticamos,1,praticam os,28,13856,1 João,1,6,"Se dissermos que temos comunhão com ele e andarmos em trevas, mentimos e não praticamos a verdade."
aconteceria,1,acontecer ia,27,85,Jonas,4,5,"Então, Jonas saiu da cidade, e assentou-se ao oriente da cidade, e ali fez uma cabana, e se assentou debaixo dela, à sombra, até ver o que aconteceria à cidade."
antemuros,1,ante muros,27,60,Isaías,26,1,"Naquele dia, se entoará este cântico na terra de Judá: Uma forte cidade temos, a quem Deus pôs a salvação por muros e antemuros."
anunciareis,1,anunciar eis,27,1303,Isaías,48,6,"Já o tens ouvido; olha bem para tudo isto; porventura, não o anunciareis? Desde agora, te faço ouvir coisas novas e ocultas, que nunca conheceste."
anunciaria,1,anunciar ia,27,85,Ester,8,13,"E uma cópia da carta, que uma ordem se anunciaria em todas as províncias, foi enviada a todos os povos, para que os judeus estivessem preparados para aquele dia, para se vingarem dos seus inimigos."
caiados,1,caia dos,27,5149,Mateus,23,27,"Ai de vós, escribas e fariseus, hipócritas! Pois que sois semelhantes aos sepulcros caiados, que por fora realmente parecem formosos, mas interiormente estão cheios de ossos de mortos e de toda imundícia."
comandavam,1,com andavam,5170,27,2 Reis,11,15,"Porém o sacerdote Joiada deu ordem aos centuriões que comandavam as tropas e disse-lhes: Tirai-a para fora das fileiras, e a quem a seguir, matai-o à espada. Porque o sacerdote disse: Não a matem na Casa do Senhor."
comemoração,1,comem oração,27,103,Hebreus,10,3,"Nesses sacrifícios, porém, cada ano, se faz comemoração dos pecados,"
ensinaria,2,ensinar ia,27,85,Jó,21,22,"Porventura, a Deus se ensinaria ciência, a ele que julga os excelsos?"
formada,2,forma da,27,7168,2 Crônicas,23,4,"Esta é a coisa que haveis de fazer: uma terça parte de vós, sacerdotes e levitas que entram de sábado, será formada de porteiros;"
formadas,1,forma das,27,1631,Salmos,139,16,"Os teus olhos viram o meu corpo ainda informe, e no teu livro todas estas coisas foram escritas, as quais iam sendo dia a dia formadas, quando nem ainda uma delas havia."
jurareis,2,jurar eis,27,1303,Levítico,19,12,"nem jurareis falso pelo meu nome, pois profanaríeis o nome do vosso Deus. Eu sou o Senhor."
medirei,2,me direi,2111,27,Salmos,60,6,"Deus disse na sua santidade: Eu me regozijarei, repartirei a Siquém e medirei o vale de Sucote."
venhamos,2,venham os,27,13856,Gênesis,38,23,"Então, disse Judá: Tome-o ela, para que porventura não venhamos a cair em desprezo; eis que tenho enviado este cabrito, mas tu não a achaste."
abriria,2,abrir ia,26,85,Jó,41,14,Quem abriria as portas do seu rosto? Pois em roda dos seus dentes está o terror.
amargurado,1,amargura do,26,10449,2 Samuel,17,8,"Disse mais Husai: Bem conheces tu a teu pai e a seus homens, que são valorosos e que estão com o espírito amargurado, como a ursa no campo, roubada dos cachorros; também teu pai é homem de guerra, e não passará a noite com o povo."
amargurados,1,amargura dos,26,5149,Jó,3,20,"Por que se dá luz ao miserável, e vida aos amargurados de ânimo,"
antepassados,2,ante passados,27,26,Levítico,26,45,"Antes, por amor deles, me lembrarei do concerto com os seus antepassados, que tirei da terra do Egito perante os olhos das nações, para lhes ser por Deus. Eu sou o Senhor."
assentareis,2,assentar eis,26,1303,Êxodo,14,2,"Fala aos filhos de Israel que voltem e que acampem diante de Pi-Hairote, entre Migdol e o mar, diante de Baal-Zefom; em frente dele assentareis o campo junto ao mar."
assentaria,1,assentar ia,26,85,1 Reis,1,27,"Foi feito isso da parte do rei, meu senhor? E não fizeste saber a teu servo quem se assentaria no trono do rei, meu senhor, depois dele?"
bebedor,1,bebe dor,26,40,Lucas,7,34,"Veio o Filho do Homem, que come e bebe, e dizeis: Eis aí um homem comilão e bebedor de vinho, amigo dos publicanos e dos pecadores."
bebedores,1,bebe dores,26,51,Salmos,69,12,Aqueles que se assentam à porta falam contra mim; sou a canção dos bebedores de bebida forte.
embebe,1,em bebe,6227,26,Hebreus,6,7,Porque a terra que embebe a chuva que muitas vezes cai sobre ela e produz erva proveitosa para aqueles por quem é lavrada recebe a bênção de Deus;
enviarem,1,enviar em,26,6227,Provérbios,22,21,"para te fazer saber a certeza das palavras de verdade, para que possas responder palavras de verdade aos que te enviarem?"
limparei,1,limpa rei,25,2503,2 Reis,21,13,"E estenderei sobre Jerusalém o cordel de Samaria e o prumo da casa de Acabe; e limparei Jerusalém, como quem limpa a escudela a limpa e a vira sobre a sua face."
livrada,1,livra da,25,7168,Miqueias,4,10,"Sofre dores e trabalhos, ó filha de Sião, como a que está de parto, porque agora sairás da cidade, e morarás no campo, e virás até Babilônia; ali, porém, serás livrada; ali te remirá o Senhor da mão de teus inimigos."
livrado,1,livra do,25,10449,Jó,40,14,"Então, também eu de ti confessarei que a tua mão direita te haverá livrado."
livrados,1,livra dos,25,5149,Amós,3,12,"Assim diz o Senhor: Como o pastor livra da boca do leão as duas pernas ou um pedacinho da orelha, assim serão livrados os filhos de Israel que habitam em Samaria, no canto da liteira e na barra do leito."
mostrarem,1,mostrar em,25,6227,Mateus,24,1,"E, quando Jesus ia saindo do templo, aproximaram-se dele os seus discípulos para lhe mostrarem a estrutura do templo."
mostraria,2,mostrar ia,25,85,Juízes,13,23,"Porém sua mulher lhe disse: Se o Senhor nos quisera matar, não aceitaria da nossa mão o holocausto e a oferta de manjares, nem nos mostraria tudo isto, nem nos deixaria ouvir tais coisas neste tempo."
pagador,1,paga dor,25,40,Isaías,33,18,"O teu coração considerará em assombro, dizendo: Onde está o escrivão? Onde está o pagador? Onde está o que conta as torres?"
provada,2,prova da,25,7168,Salmos,18,30,O caminho de Deus é perfeito; a palavra do Senhor é provada; é um escudo para todos os que nele confiam.
provadas,1,prova das,25,1631,Gênesis,42,16,"Enviai um dentre vós, que traga vosso irmão; mas vós ficareis presos, e vossas palavras serão provadas, se há verdade convosco; e, se não, pela vida de Faraó, vós sois espias."
confiada,2,confia da,24,7168,1 Coríntios,9,17,"E, por isso, se o faço de boa mente, terei prêmio; mas, se de má vontade, apenas uma dispensação me é confiada."
confiadas,1,confia das,24,1631,Romanos,3,2,"Muita, em toda maneira, porque, primeiramente, as palavras de Deus lhe foram confiadas."
confiados,2,confia dos,24,5149,Juízes,20,36,"E viram os filhos de Benjamim que estavam feridos, porque os homens de Israel deram lugar aos benjamitas, porquanto estavam confiados na emboscada que haviam posto contra Gibeá."
Nasceria,1,nascer ia,24,85,Isaías,66,8,Quem jamais ouviu tal coisa? Quem viu coisas semelhantes? Poder-se-ia fazer nascer uma terra em um só dia? Nasceria uma nação de uma só vez? Mas Sião esteve de parto e já deu à luz seus filhos.
perdoadas,1,perdoa das,24,1631,Romanos,4,7,"Bem-aventurados aqueles cujas maldades são perdoadas, e cujos pecados são cobertos."
perdoador,1,perdoa dor,24,40,Neemias,9,17,"E recusaram ouvir-te, e não se lembraram das tuas maravilhas, que lhes fizeste, e endureceram a sua cerviz, e na sua rebelião levantaram um chefe, a fim de voltarem para a sua servidão; porém tu, ó Deus perdoador, clemente e misericordioso, tardio em irar-te, e grande em beneficência, tu os não desamparaste,"
plantado,2,planta do,24,10449,Ezequiel,36,36,"Então, saberão as nações que ficarem de resto em redor de vós que eu, o Senhor, tenho reedificado as cidades destruídas e plantado o que estava devastado; eu, o Senhor, o disse e o farei."
plantadores,1,planta dores,24,51,Jeremias,31,5,Ainda plantarás vinhas nos montes de Samaria; os plantadores plantarão e comerão dos frutos.
plantareis,2,planta reis,24,333,Jeremias,35,7,"não edificareis casa, nem semeareis semente, não plantareis, nem possuireis vinha alguma; mas habitareis em tendas todos os vossos dias, para que vivais muitos dias sobre a face da terra em que vós andais peregrinando."
produzia,1,produz ia,24,85,Ezequiel,17,6,"E brotou e tornou-se numa videira mui larga, de pouca altura, virando-se para ela os seus ramos, porque as suas raízes estavam debaixo dela; e tornou-se numa videira, e produzia sarmentos, e lançava renovos."
produzido,1,produz ido,24,34,Lucas,12,16,"E propôs-lhes uma parábola, dizendo: a herdade de um homem rico tinha produzido com abundância."
produzira,1,produz ira,24,338,Números,17,8,"Sucedeu, pois, que no dia seguinte Moisés entrou na tenda do Testemunho, e eis que a vara de Arão, pela casa de Levi, florescia; porque produzira flores, e brotara renovos, e dera amêndoas."
produzirei,1,produz irei,24,46,Isaías,65,9,"E produzirei descendência a Jacó e a Judá, um herdeiro que possua os meus montes; e os meus eleitos herdarão a terra, e os meus servos habitarão ali."
produzirão,1,produz irão,24,26,2 Timóteo,2,16,"Mas evita os falatórios profanos, porque produzirão maior impiedade."
afrontado,2,afronta do,23,10449,1 Samuel,17,45,"Davi, porém, disse ao filisteu: Tu vens a mim com espada, e com lança, e com escudo; porém eu vou a ti em nome do Senhor dos Exércitos, o Deus dos exércitos de Israel, a quem tens afrontado."
mandados,2,manda dos,23,5149,1 Crônicas,28,21,"E eis que aí tens as turmas dos sacerdotes e dos levitas para todo o ministério da Casa de Deus; estão também contigo, para toda obra, voluntários com sabedoria de toda espécie para todo ministério, como também todos os príncipes e todo o povo, para todos os teus mandados."
mandareis,1,manda reis,23,333,2 Samuel,15,36,"Eis que estão também ali com eles seus dois filhos, Aimaás, filho de Zadoque, e Jônatas, filho de Abiatar; pela mão deles aviso me mandareis de todas as coisas que ouvirdes."
operado,1,opera do,23,10449,Salmos,40,5,"Muitas são, Senhor, meu Deus, as maravilhas que tens operado para conosco, e os teus pensamentos não se podem contar diante de ti; eu quisera anunciá-los e manifestá-los, mas são mais do que se podem contar."
operadores,1,opera dores,23,51,1 Coríntios,12,29,"Porventura, são todos apóstolos? São todos profetas? São todos doutores? São todos operadores de milagres?"
partireis,1,partir eis,23,1303,Juízes,19,5,"E sucedeu que, ao quarto dia pela manhã, madrugaram, e ele levantou-se para partir; então, o pai da moça disse a seu genro: Conforta o teu coração com um bocado de pão, e depois partireis."
partirem,1,partir em,23,6227,1 Samuel,29,11,"Então, Davi de madrugada se levantou, ele e os seus homens, para partirem pela manhã e voltarem à terra dos filisteus; e os filisteus subiram a Jezreel."
partiria,1,partir ia,23,85,Atos,25,4,Mas Festo respondeu que Paulo estava guardado em Cesareia e que ele brevemente partiria para lá.
abrevia,1,abre via,32,22,1 Coríntios,7,29,"Isto, porém, vos digo, irmãos: que o tempo se abrevia; o que resta é que também os que têm mulheres sejam como se as não tivessem;"
alegrado,2,alegra do,22,10449,2 Samuel,6,21,"Disse, porém, Davi a Mical: Perante o Senhor que me escolheu a mim antes do que a teu pai e a toda a sua casa, mandando-me que fosse chefe sobre o povo do Senhor, sobre Israel, perante o Senhor me tenho alegrado."
comovia,1,como via,3763,22,Atos,17,16,"E, enquanto Paulo os esperava em Atenas, o seu espírito se comovia em si mesmo, vendo a cidade tão entregue à idolatria."
Deparou,1,de parou,24404,22,Jonas,1,17,"Deparou, pois, o Senhor um grande peixe, para que tragasse a Jonas; e esteve Jonas três dias e três noites nas entranhas do peixe."
despertado,1,desperta do,22,10449,Zacarias,4,1,"E tornou o anjo que falava comigo, e me despertou, como a um homem que é despertado do seu sono,"
desviareis,1,desviar eis,22,1303,Deuteronômio,31,29,"Porque eu sei que, depois da minha morte, certamente vos corrompereis e vos desviareis do caminho que vos ordenei; então, este mal vos alcançará nos últimos dias, quando fizerdes mal aos olhos do Senhor, para o provocar à ira com a obra das vossas mãos."
desviaria,1,desviar ia,22,85,Jeremias,15,5,"Por que quem se compadeceria de ti, ó Jerusalém? Ou quem se entristeceria por ti? Ou quem se desviaria a perguntar pela tua paz?"
detive,2,de tive,24404,22,Gênesis,32,4,"E ordenou-lhes, dizendo: Assim direis a meu senhor Esaú: Assim diz Jacó, teu servo: Como peregrino morei com Labão e me detive lá até agora."
Maacate,1,maaca te,22,2164,Josué,13,13,"Porém os filhos de Israel não expeliram os gesureus, nem os maacateus; antes, Gesur e Maacate habitaram no meio de Israel até ao dia de hoje."
Procurada,1,procura da,22,7168,Isaías,62,12,"E chamar-lhes-ão povo santo, os remidos do Senhor; e tu serás chamada Procurada, Cidade não desamparada."
procuradas,1,procura das,22,1631,Salmos,111,2,"Grandes são as obras do Senhor, procuradas por todos os que nelas tomam prazer."
procurador,2,procura dor,22,40,Lucas,8,3,"e Joana, mulher de Cuza, procurador de Herodes, e Suzana, e muitas outras que o serviam com suas fazendas."
procurareis,1,procura reis,22,333,Esdras,9,12,"Agora, pois, vossas filhas não dareis a seus filhos, e suas filhas não tomareis para vossos filhos, e nunca procurareis a sua paz e o seu bem; para que vos fortaleçais, e comais o bem da terra, e a façais possuir a vossos filhos para sempre."
reinarei,1,reina rei,22,2503,1 Reis,1,5,"Então, Adonias, filho de Hagite, se levantou, dizendo: Eu reinarei. E preparou carros, e cavaleiros, e cinquenta homens que corressem adiante dele."
julgada,1,julga da,21,7168,1 Coríntios,10,29,"Digo, porém, a consciência, não a tua, mas a do outro. Pois por que há de a minha liberdade ser julgada pela consciência de outrem?"
julgadas,2,julga das,21,1631,Salmos,9,19,"Levanta-te, Senhor! Não prevaleça o homem; sejam julgadas as nações perante a tua face."
onzena,1,onze na,21,3095,Provérbios,28,8,O que aumenta a sua fazenda com usura e onzena ajunta-a para o que se compadece do pobre.
profetizamos,2,profetizam os,21,13856,Mateus,7,22,"Muitos me dirão naquele Dia: Senhor, Senhor, não profetizamos nós em teu nome? E, em teu nome, não expulsamos demônios? E, em teu nome, não fizemos muitas maravilhas?"
Ainadabe,1,ai nadabe,165,20,1 Reis,4,14,"Ainadabe, filho de Ido, em Maanaim;"
comoverei,1,como verei,3763,20,Hebreus,12,26,"a voz do qual moveu, então, a terra, mas, agora, anunciou, dizendo: Ainda uma vez comoverei, não só a terra, senão também o céu."
conhecesse,2,conheces se,20,6927,Salmos,142,4,Olhei para aminha direita e vi; mas não havia quem me conhecesse; refúgio me faltou; ninguém cuidou da minha alma.
conhecessem,2,conheces sem,20,418,Lucas,24,16,"Mas os olhos deles estavam como que fechados, para que o não conhecessem."
fundada,2,funda da,20,7168,Isaías,28,16,"Portanto, assim diz o Senhor Jeová: Eis que eu assentei em Sião uma pedra, uma pedra já provada, pedra preciosa de esquina, que está bem firme e fundada; aquele que crer não se apresse."
fundadas,2,funda das,20,1631,Jó,38,6,"Sobre que estão fundadas as suas bases, ou quem assentou a sua pedra de esquina,"
fundados,2,funda dos,20,5149,Efésios,3,17,"para que Cristo habite, pela fé, no vosso coração; a fim de, estando arraigados e fundados em amor,"
fundarei,1,funda rei,20,2503,Isaías,54,11,"Ó oprimida, arrojada com a tormenta e desconsolada! Eis que eu porei as tuas pedras com todo o ornamento e te fundarei sobre safiras."
herdarem,1,herdar em,20,6227,Levítico,25,46,"E possuí-los-eis por herança para vossos filhos depois de vós, para herdarem a possessão; perpetuamente os fareis servir, mas sobre vossos irmãos, os filhos de Israel, cada um sobre o seu irmão, não vos assenhoreareis dele com rigor."
lagarto,1,lagar to,20,49,Levítico,11,30,"e o ouriço cacheiro, e o lagarto, e a lagartixa, e a lesma, e a toupeira."
modela,1,mo dela,20,216,Jó,38,14,Tudo se modela como o barro sob o selo e se põe como vestes;
modera,1,mo dera,20,35,Provérbios,10,19,"Na multidão de palavras não falta transgressão, mas o que modera os seus lábios é prudente."
moramos,1,mo ramos,20,66,1 Reis,3,17,"E disse-lhe uma das mulheres: Ah! Senhor meu, eu e esta mulher moramos numa casa; e tive um filho, morando com ela naquela casa."
moverei,1,mo verei,20,20,Joel,3,7,eis que eu os moverei do lugar para onde os vendestes; e farei cair a vossa paga sobre a vossa própria cabeça.
pedireis,2,pedir eis,20,1303,João,15,7,"Se vós estiverdes em mim, e as minhas palavras estiverem em vós, pedireis tudo o que quiserdes, e vos será feito."
pediria,1,pedir ia,20,85,Jó,9,15,"A ele, ainda que eu fosse justo, lhe não responderia; antes, ao meu juiz pediria misericórdia."
Quarentaaçoites,1,quarenta açoites,157,20,Deuteronômio,25,3,"Quarentaaçoites lhe fará dar, não mais; para que, porventura, se lhe fizer dar mais açoites do que estes, teu irmão não fique envilecido aos teus olhos."
trazeis,2,traz eis,20,1303,Malaquias,1,8,"Porque, quando trazeis animal cego para o sacrificardes, não faz mal! E, quando ofereceis o coxo ou o enfermo, não faz mal! Ora, apresenta-o ao teu príncipe; terá ele agrado em ti? Ou aceitará ele a tua pessoa? — diz o Senhor dos Exércitos."
